"CFR_scenario_names","deaths_no_CFR_scenarios","deaths_llAb_CFR_scenarios","ICER_CFR_scenarios"
"Li 2020, age-gradient",135.995188077585,104.629734308928,596.693195816016
"Li 2020, without age-gradient",121.593694931148,96.5690207068952,745.013341107728
"PERCH PIA, Mali",148.345955676381,127.151502351103,876.642728169272
"Li 2022, CFR by age from LICs",182.950138126568,141.958664217358,458.208116935197
"PERCH conventional, Mali",593.477263427067,494.197602061041,190.495099352997
